metric,value
accuracy,0.734996102883866
f1_macro,0.47256802375632356
f1_balanced,0.6462635148031721
