metric,value
accuracy,0.7162899454403742
f1_macro,0.47168197656002536
f1_balanced,0.6395172266852589
