"Step","elated-water-74 - eval/f1_balanced","elated-water-74 - eval/f1_balanced__MIN","elated-water-74 - eval/f1_balanced__MAX"
"1","0.5827957402418492","0.5827957402418492","0.5827957402418492"
"3","0.5827957402418492","0.5827957402418492","0.5827957402418492"
"5","0.5827957402418492","0.5827957402418492","0.5827957402418492"
"7","0.5824178327552723","0.5824178327552723","0.5824178327552723"
"9","0.5824178327552723","0.5824178327552723","0.5824178327552723"
"11","0.5860414938175432","0.5860414938175432","0.5860414938175432"
"13","0.5914186057541039","0.5914186057541039","0.5914186057541039"
"15","0.5906216200543999","0.5906216200543999","0.5906216200543999"
"17","0.5906216200543999","0.5906216200543999","0.5906216200543999"
"19","0.5933393913609506","0.5933393913609506","0.5933393913609506"
"21","0.5964113564748805","0.5964113564748805","0.5964113564748805"
"23","0.5964113564748805","0.5964113564748805","0.5964113564748805"
"25","0.5894242954565809","0.5894242954565809","0.5894242954565809"
"27","0.5964113564748805","0.5964113564748805","0.5964113564748805"
"29","0.5959967612439261","0.5959967612439261","0.5959967612439261"
"31","0.6053693387168988","0.6053693387168988","0.6053693387168988"
"33","0.6053693387168988","0.6053693387168988","0.6053693387168988"
"35","0.6139604062789669","0.6139604062789669","0.6139604062789669"
"37","0.6070457858576295","0.6070457858576295","0.6070457858576295"
"39","0.597721765946065","0.597721765946065","0.597721765946065"
"41","0.6058054666734158","0.6058054666734158","0.6058054666734158"
"43","0.6058054666734158","0.6058054666734158","0.6058054666734158"
"45","0.6099323540041968","0.6099323540041968","0.6099323540041968"
"47","0.6007249836953911","0.6007249836953911","0.6007249836953911"
"49","0.6087155348393994","0.6087155348393994","0.6087155348393994"
"51","0.6082725759240654","0.6082725759240654","0.6082725759240654"
"53","0.6053693387168988","0.6053693387168988","0.6053693387168988"
"55","0.6087155348393994","0.6087155348393994","0.6087155348393994"
"57","0.6099323540041968","0.6099323540041968","0.6099323540041968"
"59","0.6099323540041968","0.6099323540041968","0.6099323540041968"
"61","0.6099323540041968","0.6099323540041968","0.6099323540041968"
"63","0.6099323540041968","0.6099323540041968","0.6099323540041968"