"Step","elated-water-74 - eval/loss","elated-water-74 - eval/loss__MIN","elated-water-74 - eval/loss__MAX"
"1","0.5999945998191833","0.5999945998191833","0.5999945998191833"
"3","0.5898836851119995","0.5898836851119995","0.5898836851119995"
"5","0.5842251181602478","0.5842251181602478","0.5842251181602478"
"7","0.5798486471176147","0.5798486471176147","0.5798486471176147"
"9","0.5814971923828125","0.5814971923828125","0.5814971923828125"
"11","0.5785340070724487","0.5785340070724487","0.5785340070724487"
"13","0.5771623849868774","0.5771623849868774","0.5771623849868774"
"15","0.5756092071533203","0.5756092071533203","0.5756092071533203"
"17","0.5776873826980591","0.5776873826980591","0.5776873826980591"
"19","0.5743728876113892","0.5743728876113892","0.5743728876113892"
"21","0.5729615092277527","0.5729615092277527","0.5729615092277527"
"23","0.5729992985725403","0.5729992985725403","0.5729992985725403"
"25","0.5772590637207031","0.5772590637207031","0.5772590637207031"
"27","0.5732543468475342","0.5732543468475342","0.5732543468475342"
"29","0.571824312210083","0.571824312210083","0.571824312210083"
"31","0.5700271725654602","0.5700271725654602","0.5700271725654602"
"33","0.5698472857475281","0.5698472857475281","0.5698472857475281"
"35","0.5682003498077393","0.5682003498077393","0.5682003498077393"
"37","0.5690951943397522","0.5690951943397522","0.5690951943397522"
"39","0.5727721452713013","0.5727721452713013","0.5727721452713013"
"41","0.5707420706748962","0.5707420706748962","0.5707420706748962"
"43","0.5711115002632141","0.5711115002632141","0.5711115002632141"
"45","0.5687017440795898","0.5687017440795898","0.5687017440795898"
"47","0.5727700591087341","0.5727700591087341","0.5727700591087341"
"49","0.5692833662033081","0.5692833662033081","0.5692833662033081"
"51","0.5688732862472534","0.5688732862472534","0.5688732862472534"
"53","0.5700757503509521","0.5700757503509521","0.5700757503509521"
"55","0.569556713104248","0.569556713104248","0.569556713104248"
"57","0.5686479806900024","0.5686479806900024","0.5686479806900024"
"59","0.5689491033554077","0.5689491033554077","0.5689491033554077"
"61","0.5689615607261658","0.5689615607261658","0.5689615607261658"
"63","0.5691349506378174","0.5691349506378174","0.5691349506378174"